sandal shoes,https://www.macys.com/shop/product/madden-girl-sabell-embellished-slide-sandals?ID=5929374&CategoryID=17570#fn=SPECIAL_OFFERS%3DSales%20&amp;%20Discounts%3B%3BClearance%2FCloseout%26BRAND%3DMadden%20Girl%26SIZE%3D%26sp%3D1%26spc%3D1630%26ruleId%3D105%7CBOO
sandal shoes,https://www.macys.com/shop/product/madden-girl-trudi-embellished-thong-sandals?ID=6310193&CategoryID=17570#fn=SPECIAL_OFFERS%3DSales%20&amp;%20Discounts%3B%3BClearance%2FCloseout%26BRAND%3DMadden%20Girl%26SIZE%3D%26sp%3D1%26spc%3D1630%26ruleId%3D105%7CBOOS
sandal shoes,https://www.macys.com/shop/product/madden-girl-luluu-embellished-slide-sandals?ID=5860237&CategoryID=17570#fn=SPECIAL_OFFERS%3DSales%20&amp;%20Discounts%3B%3BClearance%2FCloseout%26BRAND%3DMadden%20Girl%26SIZE%3D%26sp%3D1%26spc%3D1630%26ruleId%3D105%7CBOOS
handbags accessories,https://www.macys.com/shop/product/nine-west-caden-large-tote?ID=5611257&CategoryID=27686#fn=SPECIAL_OFFERS%3DClearance%2FCloseout%3B%3BSales%20&amp;%20Discounts%26BRAND%3DNine%20West%26SIZE%3D%26sp%3D1%26spc%3D2399%26ruleId%3D78%7CBOOST%20ATTRIBUTE%7CBOOS
handbags accessories,https://www.macys.com/shop/product/nine-west-addi-tote?ID=3268690&CategoryID=27686#fn=SPECIAL_OFFERS%3DClearance%2FCloseout%3B%3BSales%20&amp;%20Discounts%26BRAND%3DNine%20West%26SIZE%3D%26sp%3D1%26spc%3D2399%26ruleId%3D78%7CBOOST%20ATTRIBUTE%7CBOOST%20SAV
handbags accessories,https://www.macys.com/shop/product/nine-west-addi-large-tote?ID=5607545&CategoryID=27686#fn=SPECIAL_OFFERS%3DClearance%2FCloseout%3B%3BSales%20&amp;%20Discounts%26BRAND%3DNine%20West%26SIZE%3D%26sp%3D1%26spc%3D2399%26ruleId%3D78%7CBOOST%20ATTRIBUTE%7CBOOST
Clothing tshirt ,https://www.macys.com/shop/product/lauren-ralph-lauren-embroidered-cotton-top?ID=6524874&CategoryID=255#fn=SPECIAL_OFFERS%3DClearance%2FCloseout%3B%3BSales%20&amp;%20Discounts%26BRAND%3DLauren%20Ralph%20Lauren%26SIZE%3D%26sp%3D1%26spc%3D2837%26ruleId%3D133
Clothing tshirt ,https://www.macys.com/shop/product/lauren-ralph-lauren-lace-yoke-top?ID=6262769&CategoryID=255#fn=SPECIAL_OFFERS%3DClearance%2FCloseout%3B%3BSales%20&amp;%20Discounts%26BRAND%3DLauren%20Ralph%20Lauren%26SIZE%3D%26sp%3D1%26spc%3D2837%26ruleId%3D133%7CBOOST%
Clothing tshirt ,https://www.macys.com/shop/product/lauren-ralph-lauren-tassel-tie-cotton-top?ID=6262719&CategoryID=255#fn=SPECIAL_OFFERS%3DClearance%2FCloseout%3B%3BSales%20&amp;%20Discounts%26BRAND%3DLauren%20Ralph%20Lauren%26SIZE%3D%26sp%3D1%26spc%3D2837%26ruleId%3D133%
Clothing tshirt ,https://www.macys.com/shop/product/lauren-ralph-lauren-off-the-shoulder-cotton-top?ID=6262722&CategoryID=255#fn=SPECIAL_OFFERS%3DClearance%2FCloseout%3B%3BSales%20&amp;%20Discounts%26BRAND%3DLauren%20Ralph%20Lauren%26SIZE%3D%26sp%3D1%26spc%3D2837%26ruleId%
Clothing tshirt ,https://www.macys.com/shop/product/lauren-ralph-lauren-off-the-shoulder-cotton-top?ID=6262722&CategoryID=255#fn=SPECIAL_OFFERS%3DClearance%2FCloseout%3B%3BSales%20&amp;%20Discounts%26BRAND%3DLauren%20Ralph%20Lauren%26SIZE%3D%26sp%3D1%26spc%3D2837%26ruleId%
watches accessories,https://www.macys.com/shop/product/kate-spade-new-york-womens-park-row-cirrus-blue-silicone-strap-watch-34mm-ksw1314?ID=4647429&CategoryID=28067#fn=SPECIAL_OFFERS%3DClearance%2FCloseout%3B%3BLast%20Act%3B%3BSales%20&amp;%20Discounts%26GENDER%3DWomen%26BRAN
watches accessories,https://www.macys.com/shop/product/kate-spade-new-york-womens-park-row-multi-striped-silicone-strap-watch-34mm-ksw1312?ID=4647427&CategoryID=28067#fn=SPECIAL_OFFERS%3DClearance%2FCloseout%3B%3BLast%20Act%3B%3BSales%20&amp;%20Discounts%26GENDER%3DWomen%26BR
watches accessories,https://www.macys.com/shop/product/kate-spade-new-york-womens-park-row-floral-silicone-strap-watch-34mm?ID=4875851&CategoryID=28067#fn=SPECIAL_OFFERS%3DClearance%2FCloseout%3B%3BLast%20Act%3B%3BSales%20&amp;%20Discounts%26GENDER%3DWomen%26BRAND%3Dkate%20sp
watches accessories,https://www.macys.com/shop/product/kate-spade-new-york-womens-holland-black-leather-strap-watch-34mm?ID=4917550&CategoryID=28067#fn=SPECIAL_OFFERS%3DClearance%2FCloseout%3B%3BLast%20Act%3B%3BSales%20&amp;%20Discounts%26GENDER%3DWomen%26BRAND%3Dkate%20spade
watches accessories,https://www.macys.com/shop/product/kate-spade-new-york-womens-park-row-multi-striped-silicone-strap-watch-34mm?ID=4875850&CategoryID=28067#fn=SPECIAL_OFFERS%3DClearance%2FCloseout%3B%3BLast%20Act%3B%3BSales%20&amp;%20Discounts%26GENDER%3DWomen%26BRAND%3Dka
watches accessories,https://www.macys.com/shop/product/kate-spade-new-york-womens-park-row-pink-leather-strap-watch-34mm-ksw1325?ID=4647436&CategoryID=28067#fn=SPECIAL_OFFERS%3DClearance%2FCloseout%3B%3BLast%20Act%3B%3BSales%20&amp;%20Discounts%26GENDER%3DWomen%26BRAND%3Dkate
watches accessories,https://www.macys.com/shop/product/kate-spade-new-york-womens-park-row-black-leather-strap-watch-34mm-ksw1269?ID=4431831&CategoryID=28067#fn=SPECIAL_OFFERS%3DClearance%2FCloseout%3B%3BLast%20Act%3B%3BSales%20&amp;%20Discounts%26GENDER%3DWomen%26BRAND%3Dkat
sandal shoes,https://www.macys.com/shop/product/steven-by-steve-madden-greece-sandals?ID=5370465&CategoryID=59899#fn=PRICE%3D50.0%7C100.0%26SIZE%3D%26sp%3D1%26spc%3D29%26ruleId%3D3%7CBOOST%20ATTRIBUTE%26searchPass%3DmatchNone%26slotId%3D13
sandal shoes,https://www.macys.com/shop/product/steven-by-steve-madden-foreva-block-heel-sandals?ID=6640154&CategoryID=59899&experience=responsive&pdpserver=internal#fn=PRICE%3D50.0%7C100.0%26SIZE%3D%26sp%3D1%26spc%3D29%26ruleId%3D3%7CBOOST%20ATTRIBUTE%26searchPass%3DmatchNone%26slotId%3D1
earings,https://www.macys.com/shop/product/thalia-sodi-gold-tone-tassel-chain-linear-earrings-created-for-macys?ID=2875161&tdp=cm_app~zMCOM-NAVAPP~xcm_zone~zPDP_ZONE_A~xcm_choiceId~zcidM05MDR-bec1734a-bde0-4f71-afed-ab49ea4f7c12%40H7%40customers%2Balso%2Bshopped%2455285%242875161~xcm_pos~zPos3~xcm_srcCatID~z544
earings,https://www.macys.com/shop/product/thalia-sodi-gold-tone-snake-chain-fringe-drop-earrings-created-for-macys?ID=5936145&tdp=cm_app~zMCOM-NAVAPP~xcm_zone~zPDP_ZONE_A~xcm_choiceId~zcidM05MDR-221eda90-9814-48a4-a4ed-f39a5a0b8559%40H7%40customers%2Balso%2Bshopped%2455285%245936145~xcm_pos~zPos1~xcm_srcCatID~z544
earings,https://www.macys.com/shop/product/thalia-sodi-silver-tone-pave-drop-earrings-created-for-macys?ID=4960277&CategoryID=22000#fn=SPECIAL_OFFERS%3DClearance%2FCloseout%26BRAND%3DThalia%20Sodi%26SIZE%3D%26sp%3D1%26spc%3D3874%26ruleId%3D105%7CBOOST%20SAVED%20SET%26searchPass%3DmatchNone%26slotId%3D24
earings,https://www.macys.com/shop/product/thalia-sodi-silver-tone-fringe-linear-drop-earrings-created-for-macys?ID=5014674&CategoryID=22000#fn=SPECIAL_OFFERS%3DClearance%2FCloseout%26BRAND%3DThalia%20Sodi%26SIZE%3D%26sp%3D1%26spc%3D3874%26ruleId%3D105%7CBOOST%20SAVED%20SET%26searchPass%3DmatchNone%26slotId%3D14
earings,https://www.macys.com/shop/product/thalia-sodi-gold-tone-bead-graduated-drop-hoop-earrings-created-for-macys?ID=5905519&CategoryID=22000#fn=SPECIAL_OFFERS%3DClearance%2FCloseout%26BRAND%3DThalia%20Sodi%26SIZE%3D%26sp%3D1%26spc%3D3874%26ruleId%3D105%7CBOOST%20SAVED%20SET%26searchPass%3DmatchNone%26slotId%3D7
earings,https://www.macys.com/shop/product/thalia-sodi-gold-tone-twist-hoop-earrings-created-for-macys?ID=5905523&CategoryID=22000#fn=SPECIAL_OFFERS%3DClearance%2FCloseout%26BRAND%3DThalia%20Sodi%26SIZE%3D%26sp%3D1%26spc%3D3874%26ruleId%3D105%7CBOOST%20SAVED%20SET%26searchPass%3DmatchNone%26slotId%3D6
earings,https://www.macys.com/shop/product/thalia-sodi-gold-tone-stone-triple-row-linear-drop-earrings-created-for-macys?ID=5905521&CategoryID=22000#fn=SPECIAL_OFFERS%3DClearance%2FCloseout%26BRAND%3DThalia%20Sodi%26SIZE%3D%26sp%3D1%26spc%3D3874%26ruleId%3D105%7CBOOST%20SAVED%20SET%26searchPass%3DmatchNone%26slotId%3D12
earings,https://www.macys.com/shop/product/thalia-sodi-gold-tone-textured-double-row-hoop-earrings-created-for-macys?ID=5905525&CategoryID=22000#fn=SPECIAL_OFFERS%3DClearance%2FCloseout%26SIZE%3D%26sp%3D1%26spc%3D3874%26ruleId%3D105%7CBOOST%20SAVED%20SET%26searchPass%3DmatchNone%26slotId%3D3
sandal shoes,https://www.macys.com/shop/product/dkny-greyson-mules-created-for-macys?ID=6016844&CategoryID=138271#fn=BRAND%3DDKNY%26SIZE%3D%26sp%3D1%26spc%3D105%26ruleId%3D78%7CBOOST%20SAVED%20SET%7CBOOST%20ATTRIBUTE%26searchPass%3DmatchNone%26slotId%3D2
sandal shoes,https://www.macys.com/shop/product/dkny-biza-shooties-created-for-macys?ID=6417629&CategoryID=138271#fn=BRAND%3DDKNY%26SIZE%3D%26sp%3D1%26spc%3D105%26ruleId%3D78%7CBOOST%20SAVED%20SET%7CBOOST%20ATTRIBUTE%26searchPass%3DmatchNone%26slotId%3D4
sandal shoes,https://www.macys.com/shop/product/dkny-bren-ankle-strap-sandals-created-for-macys?ID=6417630&CategoryID=138271#fn=BRAND%3DDKNY%26SIZE%3D%26sp%3D1%26spc%3D105%26ruleId%3D78%7CBOOST%20SAVED%20SET%7CBOOST%20ATTRIBUTE%26searchPass%3DmatchNone%26slotId%3D8
sandal shoes,https://www.macys.com/shop/product/dkny-bell-slingback-sandals-created-for-macys?ID=6417634&CategoryID=138271#fn=BRAND%3DDKNY%26SIZE%3D%26sp%3D1%26spc%3D105%26ruleId%3D78%7CBOOST%20SAVED%20SET%7CBOOST%20ATTRIBUTE%26searchPass%3DmatchNone%26slotId%3D1
sandal shoes,https://www.macys.com/shop/product/dkny-benson-booties-created-for-macys?ID=6558541&CategoryID=138271#fn=BRAND%3DDKNY%26SIZE%3D%26sp%3D1%26spc%3D105%26ruleId%3D78%7CBOOST%20SAVED%20SET%7CBOOST%20ATTRIBUTE%26searchPass%3DmatchNone%26slotId%3D5
sandal shoes,https://www.macys.com/shop/product/dkny-colby-t-strap-sandals-created-for-macys?ID=4841912&CategoryID=138271#fn=BRAND%3DDKNY%26SIZE%3D%26sp%3D1%26spc%3D105%26ruleId%3D78%7CBOOST%20SAVED%20SET%7CBOOST%20ATTRIBUTE%26searchPass%3DmatchNone%26slotId%3D7
handbags accessories,https://www.dillards.com/p/calvin-klein-ashlynn-windowpane-raffia-tote/507572566?di=05214006_zi_leaf_green_white_black&categoryId=470&facetCache=pageSize%3D96%26beginIndex%3D0%26orderBy%3D1%26facet%3D-100267971081181051103275108101105110
handbags accessories,https://www.dillards.com/p/calvin-klein-maggie-printed-tote/507869637?di=05315597_zi_cherub_white_floral&categoryId=470&facetCache=pageSize%3D96%26beginIndex%3D0%26orderBy%3D1%26facet%3D-100267971081181051103275108101105110
handbags accessories,https://www.dillards.com/p/calvin-klein-hayden-floral-tote/507571607?di=05213164_zi_black_multi&categoryId=470&facetCache=pageSize%3D96%26beginIndex%3D0%26orderBy%3D1%26facet%3D-100267971081181051103275108101105110
handbags accessories,https://www.dillards.com/p/calvin-klein-saffiano-chain-tote/504935969?di=04378626_zi_dahlia&categoryId=470&facetCache=pageSize%3D96%26beginIndex%3D0%26orderBy%3D1%26facet%3D-100267971081181051103275108101105110
clutches,https://www.dillards.com/p/kate-spade-new-york-jackson-street-collection-stacy-continental-wallet/506891942?di=04944964_zi_bone_grey&categoryId=603924&facetCache=pageSize%3D96%26beginIndex%3D0%26orderBy%3D1%26facet%3D-10021079711610132115112971001013211010
clutches,https://www.dillards.com/p/kate-spade-new-york-cameron-street-collection-stacy-continental-wallet/506360120?di=04783249_zi_misty_mint&categoryId=603924&facetCache=pageSize%3D96%26beginIndex%3D0%26orderBy%3D1%26facet%3D-1002107971161013211511297100101321101
handbags accessories,https://www.dillards.com/p/furla-candy-meringa-mini-cross-body-bag/507874045?di=05317813_zi_blu_pavone&categoryId=470&facetCache=pageSize%3D96%26beginIndex%3D0%26orderBy%3D1%26facet%3D-10027011711410897
handbags accessories,https://www.dillards.com/p/furla-candy-mini-satchel/504829129?di=04337055_zi_cedro&categoryId=470&facetCache=pageSize%3D96%26beginIndex%3D0%26orderBy%3D1%26facet%3D-10027011711410897
handbags accessories,https://www.dillards.com/p/furla-metropolis-mini-cross-body-bag/506845050?di=04932652_zi_cedro&categoryId=470&facetCache=pageSize%3D96%26beginIndex%3D0%26orderBy%3D1%26facet%3D-10027011711410897
handbags accessories,https://www.dillards.com/p/furla-candy-candy-sugar-mini-chain-strap-cross-body-bag/506013992?di=04689418_zi_glicine&categoryId=470&facetCache=pageSize%3D96%26beginIndex%3D0%26orderBy%3D1%26facet%3D-10027011711410897
eyes,https://www.dillards.com/p/michael-kors-sue-colorblocked-gradient-cat-eye-sunglasses/507272008?di=05086619_zi_grey&categoryId=630027&facetCache=pageSize%3D96%26beginIndex%3D0%26orderBy%3D1%26facet%3D-10027710599104971011083275111114115
eyes,https://www.dillards.com/p/michael-kors-libson-round-acetate-gradient-cat-eye-sunglasses/507560244?di=05207525_zi_dark_tortoise&categoryId=630027&facetCache=pageSize%3D96%26beginIndex%3D0%26orderBy%3D1%26facet%3D-10027710599104971011083275111114115
eyes,https://www.dillards.com/p/michael-kors-la-jolla-mirrored-rimless-aviator-sunglasses/507668838?di=05245111_zi_gold&categoryId=630027&facetCache=pageSize%3D96%26beginIndex%3D0%26orderBy%3D1%26facet%3D-10027710599104971011083275111114115
eyes,https://www.dillards.com/p/michael-kors-mae-round-acetate-eyewear/507831675?di=05301712_zi_tortoise_black&categoryId=630027&facetCache=pageSize%3D96%26beginIndex%3D0%26orderBy%3D1%26facet%3D-10027710599104971011083275111114115
sandal shoes,https://www.dillards.com/p/coach-gladiator-strap-sandal/507825645?di=05299902_zi_chalk&categoryId=892&facetCache=pageSize%3D96%26beginIndex%3D0%26orderBy%3D1%26facet%3D-10026779656772
sandal shoes,https://www.dillards.com/p/coach-hudson-tea-rose-sandal/507527645?di=05193490_zi_peony&categoryId=892&facetCache=pageSize%3D96%26beginIndex%3D0%26orderBy%3D1%26facet%3D-10026779656772
sandal shoes,https://www.dillards.com/p/coach-tea-rose-jelly-sandal/507825670?di=05299918_zi_black&categoryId=892&facetCache=pageSize%3D96%26beginIndex%3D0%26orderBy%3D1%26facet%3D-10026779656772
sandal shoes,https://www.dillards.com/p/coach-tea-rose-sport-slide/507527658?di=05193491_zi_chalk&categoryId=892&facetCache=pageSize%3D96%26beginIndex%3D0%26orderBy%3D1%26facet%3D-10026779656772
sandal shoes,https://www.dillards.com/p/coach-tea-rose-rivet-slide/507825692?di=05299929_zi_black&categoryId=892&facetCache=pageSize%3D96%26beginIndex%3D0%26orderBy%3D1%26facet%3D-10026779656772
handbags accessories,https://www.dillards.com/p/michael-michael-kors-half-dome-cross-body-bag/507737834?di=05276921_zi_light_quartz&categoryId=470&facetCache=pageSize%3D96%26beginIndex%3D0%26orderBy%3D1%26facet%3D-100277736772656976327710599104971011083275111114115
handbags accessories,https://www.dillards.com/p/michael-michael-kors-floral-applique-large-cross-body-bag/507923157?di=05334536_zi_oat_multi&categoryId=470&facetCache=pageSize%3D96%26beginIndex%3D0%26orderBy%3D1%26facet%3D-100277736772656976327710599104971011083275111114115
handbags accessories,https://www.dillards.com/p/michael-michael-kors-snake-half-dome-cross-body-bag/507923183?di=05334553_zi_light_cream_natural_black&categoryId=470&facetCache=pageSize%3D96%26beginIndex%3D0%26orderBy%3D1%26facet%3D-10027773677265697632771059910497101108327511
handbags accessories,https://www.dillards.com/p/michael-michael-kors-half-dome-cross-body-bag/507922292?di=05333907_zi_oat_soft_pink_light_cream&categoryId=470&facetCache=pageSize%3D96%26beginIndex%3D0%26orderBy%3D1%26facet%3D-10027773677265697632771059910497101108327511111411
handbags accessories,https://www.dillards.com/p/coach-small-dufflette/507476356?di=05169263_zi_silver_peony&categoryId=470&facetCache=pageSize%3D96%26beginIndex%3D0%26orderBy%3D1%26facet%3D-10026779656772
handbags accessories,https://www.dillards.com/p/coach-chelsea-crossbody-in-pebble-leather/506601164?di=04777051_zi_silver_marine&categoryId=470&facetCache=pageSize%3D96%26beginIndex%3D0%26orderBy%3D1%26facet%3D-10026779656772
handbags accessories,https://www.dillards.com/p/coach-leather-dufflette/507476365?di=05169278_zi_dark_gunmetal_beechwood&categoryId=470&facetCache=pageSize%3D96%26beginIndex%3D0%26orderBy%3D1%26facet%3D-10026779656772
handbags accessories,https://www.dillards.com/p/coach-signature-dufflette/507518144?di=05191006_zi_light_gold_light_khaki_chalk&categoryId=470&facetCache=pageSize%3D96%26beginIndex%3D0%26orderBy%3D1%26facet%3D-10026779656772
sandal shoes,https://www.dillards.com/p/michael-michael-kors-becky-vintage-leather-criss-cross-slingback-sandals/506827100?di=04916954_zi_light_rose&categoryId=425&facetCache=pageSize%3D96%26beginIndex%3D0%26orderBy%3D1
sandal shoes,https://www.dillards.com/p/michael-michael-kors-simone-mid-dress-sandals/507483279?di=05156465_zi_ultra_pink&categoryId=425&facetCache=pageSize%3D96%26beginIndex%3D0%26orderBy%3D1
sandal shoes,https://www.dillards.com/p/michael-michael-kors-simone-pearl-stud-mid-dress-sandals/507483660?di=05157977_zi_soft_pink&categoryId=425&facetCache=pageSize%3D96%26beginIndex%3D0%26orderBy%3D1
eyes,https://www.dillards.com/p/kate-spade-new-york-caelyn-square-sunglasses/507864007?di=05313434_zi_beige&categoryId=435&facetCache=pageSize%3D96%26beginIndex%3D0%26orderBy%3D1
eyes,https://www.dillards.com/p/kate-spade-new-york-genice-cat-eye-sunglasses/506006272?di=04674117_zi_gold&categoryId=435&facetCache=pageSize%3D96%26beginIndex%3D0%26orderBy%3D1
clutches,https://www.dillards.com/p/michael-michael-kors-barbara-medium-soft-envelope-clutch/507869681?di=05315691_zi_ultra_pink&categoryId=603927&facetCache=pageSize%3D96%26beginIndex%3D0%26orderBy%3D1%26facet%3D-100277736772656976327710599104971011083275111114115
clutches,https://www.dillards.com/p/michael-michael-kors-barbara-medium-soft-envelope-clutch/507869683?di=05315693_zi_tile_blue&categoryId=603927&facetCache=pageSize%3D96%26beginIndex%3D0%26orderBy%3D1%26facet%3D-100277736772656976327710599104971011083275111114115
clutches,https://www.dillards.com/p/michael-michael-kors-barbara-soft-envelope-clutch/507737597?di=05276711_zi_black&categoryId=603927&facetCache=pageSize%3D96%26beginIndex%3D0%26orderBy%3D1%26facet%3D-100277736772656976327710599104971011083275111114115
clutches,https://www.dillards.com/p/michael-michael-kors-barbara-metallic-envelope-clutch/507922224?di=05333831_zi_white_silver&categoryId=603927&facetCache=pageSize%3D96%26beginIndex%3D0%26orderBy%3D1%26facet%3D-100277736772656976327710599104971011083275111114115
sandal shoes,https://www.dillards.com/p/coach-waverly-pump/507537847?di=05196603_zi_black&categoryId=425&facetCache=pageSize%3D96%26beginIndex%3D0%26orderBy%3D6%26facet%3D-10026779656772
sandal shoes,https://www.dillards.com/p/coach-mid-heel-tea-rose-sandal/507527555?di=05193418_zi_beechwood&categoryId=425&facetCache=pageSize%3D96%26beginIndex%3D0%26orderBy%3D6%26facet%3D-10026779656772
sandal shoes,https://www.dillards.com/p/coach-prairie-heel-sandal/507527674?di=05193493_zi_rose_gold_gunmetal&categoryId=425&facetCache=pageSize%3D96%26beginIndex%3D0%26orderBy%3D6%26facet%3D-10026779656772
sandal shoes,https://www.dillards.com/p/coach-link-leather-dress-sandals/507825630?di=05299829_zi_beechwood_chalk_saddle&categoryId=425&facetCache=pageSize%3D96%26beginIndex%3D0%26orderBy%3D6%26facet%3D-10026779656772
sandal shoes,https://www.dillards.com/p/coach-waverly-tea-rose-perforated-pump/507825705?di=05299936_zi_beechwood&categoryId=425&facetCache=pageSize%3D96%26beginIndex%3D0%26orderBy%3D6%26facet%3D-10026779656772
handbags accessories,https://www.dillards.com/p/michael-michael-kors-rivington-large-tote/507871225?di=05316189_zi_acorn&categoryId=470&facetCache=pageSize%3D96%26beginIndex%3D0%26orderBy%3D1
handbags accessories,https://www.dillards.com/p/michael-michael-kors-savannah-snake-large-satchel/507922179?di=05333812_zi_champagne&categoryId=470&facetCache=pageSize%3D96%26beginIndex%3D0%26orderBy%3D1
handbags accessories,https://www.dillards.com/p/michael-michael-kors-lydia-signature-large-hobo-bag/507922264?di=05333879_zi_brown&categoryId=470&facetCache=pageSize%3D96%26beginIndex%3D0%26orderBy%3D1
handbags accessories,https://www.dillards.com/p/michael-michael-kors-lydia-large-hobo-bag/507922277?di=05333900_zi_acorn&categoryId=470&facetCache=pageSize%3D96%26beginIndex%3D0%26orderBy%3D1
handbags accessories,https://www.dillards.com/p/michael-michael-kors-lydia-large-hobo-bag/507922281?di=05333901_zi_pearl_grey&categoryId=470&facetCache=pageSize%3D96%26beginIndex%3D0%26orderBy%3D1
handbags accessories,https://www.dillards.com/p/michael-michael-kors-rivington-large-tote/507871230?di=05316191_zi_pearl_grey&categoryId=470&facetCache=pageSize%3D96%26beginIndex%3D0%26orderBy%3D1
watches accessories,https://www.dillards.com/p/fossil-jacqueline-three-hand-mineral-gray-leather-watch/508037619?di=05385319_zi_gray&categoryId=666277&facetCache=pageSize%3D96%26beginIndex%3D0%26orderBy%3D6%26facet%3D-100270111115115105108
watches accessories,https://www.dillards.com/p/fossil-jacqueline-three-hand-blush-leather-watch/508037621?di=05385321_zi_beige&categoryId=666277&facetCache=pageSize%3D96%26beginIndex%3D0%26orderBy%3D6%26facet%3D-100270111115115105108
watches accessories,https://www.dillards.com/p/fossil-jacqueline-watch--bracelet-set/507701772?di=05261365_zi_pink_rose_gold&categoryId=666277&facetCache=pageSize%3D96%26beginIndex%3D0%26orderBy%3D6%26facet%3D-100270111115115105108
watches accessories,https://www.dillards.com/p/fossil-jacqueline-three-hand-date-light-gray-leather-strap-watch/507684286?di=05252140_zi_gray&categoryId=666277&facetCache=pageSize%3D96%26beginIndex%3D0%26orderBy%3D6%26facet%3D-100270111115115105108
watches accessories,https://www.dillards.com/p/fossil-annette-three-hand-sand-leather-watch/507721101?di=05269510_zi_tan&categoryId=666277&facetCache=pageSize%3D96%26beginIndex%3D0%26orderBy%3D6%26facet%3D-100270111115115105108
watches accessories,https://www.dillards.com/p/fossil-q-annette-three-hand-navy-leather-watch-band/507721097?di=05269507_zi_navy&categoryId=666277&facetCache=pageSize%3D96%26beginIndex%3D0%26orderBy%3D6%26facet%3D-100270111115115105108
watches accessories,https://www.dillards.com/p/fossil-annette-three-hand-sand-leather-watch-band/507721109?di=05269533_zi_tan&categoryId=666277&facetCache=pageSize%3D96%26beginIndex%3D0%26orderBy%3D6%26facet%3D-100270111115115105108
watches accessories,https://www.dillards.com/p/fossil-annette-three-hand-pastel-pink-leather-watch/507721099?di=05269509_zi_pink&categoryId=666277&facetCache=pageSize%3D96%26beginIndex%3D0%26orderBy%3D6%26facet%3D-100270111115115105108
watches accessories,https://www.dillards.com/p/michael-kors-ladies-jaryn-gold-tone-and-pav-watch/508038206?di=05386051_zi_gold&categoryId=666277&facetCache=pageSize%3D96%26beginIndex%3D0%26orderBy%3D1%26facet%3D-10027710599104971011083275111114115
watches accessories,https://www.dillards.com/p/michael-kors-ladies-jaryn-rose-gold-tone-and-pav-watch/508038208?di=05386054_zi_rose_gold&categoryId=666277&facetCache=pageSize%3D96%26beginIndex%3D0%26orderBy%3D1%26facet%3D-10027710599104971011083275111114115
watches accessories,https://www.dillards.com/p/michael-kors-jaryn-gold-tone-stainless-steel-bracelet-watch/508038202?di=05386048_zi_gold&categoryId=666277&facetCache=pageSize%3D96%26beginIndex%3D0%26orderBy%3D1%26facet%3D-10027710599104971011083275111114115
watches accessories,https://www.dillards.com/p/michael-kors-bradshaw-pav-silver-tone-watch/508038219?di=05386056_zi_silver&categoryId=666277&facetCache=pageSize%3D96%26beginIndex%3D0%26orderBy%3D1%26facet%3D-10027710599104971011083275111114115
earings,https://www.dillards.com/p/kate-spade-new-york-small-square-stud-earrings/503623726?di=03959642_zi_white&categoryId=614989&facetCache=pageSize%3D96%26beginIndex%3D0%26orderBy%3D1%26facet%3D-10021079711610132115112971001013211010111932121111114107
earings,https://www.dillards.com/p/kate-spade-new-york-glitter-stud-earrings/505586587?di=04581073_zi_gold_glitter&categoryId=614989&facetCache=pageSize%3D96%26beginIndex%3D0%26orderBy%3D1%26facet%3D-10021079711610132115112971001013211010111932121111114107
earings,https://www.dillards.com/p/kate-spade-new-york-stud-earrings/507902819?di=05327792_zi_white_multicolor&categoryId=614989&facetCache=pageSize%3D96%26beginIndex%3D0%26orderBy%3D1%26facet%3D-10021079711610132115112971001013211010111932121111114107
earings,https://www.dillards.com/p/kate-spade-new-york-pave-crab-stud-earrings/507902748?di=05327722_zi_multicolor&categoryId=614989&facetCache=pageSize%3D96%26beginIndex%3D0%26orderBy%3D1%26facet%3D-10021079711610132115112971001013211010111932121111114107
earings,https://www.dillards.com/p/kate-spade-new-york-gingham-and-pearl-stud-earrings/507902763?di=05327763_zi_navy_multicolor&categoryId=614989&facetCache=pageSize%3D96%26beginIndex%3D0%26orderBy%3D1%26facet%3D-100210797116101321151129710010132110101119321211111
earings,https://www.dillards.com/p/kate-spade-new-york-asymmetrical-stud-earrings/507899388?di=05325894_zi_blue_multicolor&categoryId=614989&facetCache=pageSize%3D96%26beginIndex%3D0%26orderBy%3D1%26facet%3D-10021079711610132115112971001013211010111932121111114107
earings,https://www.dillards.com/p/kate-spade-new-york-gingham-button-stud-earrings/508037781?di=05385731_zi_navy_multicolor&categoryId=614989&facetCache=pageSize%3D96%26beginIndex%3D0%26orderBy%3D1%26facet%3D-100210797116101321151129710010132110101119321211111141
sandal shoes,https://www.dillards.com/p/michael-michael-kors-gallagher-fringe-thong-sandals/507924336?di=05331566_zi_luggage&categoryId=425&facetCache=pageSize%3D96%26beginIndex%3D0%26orderBy%3D6%26facet%3D-100277736772656976327710599104971011083275111114115
sandal shoes,https://www.dillards.com/p/michael-michael-kors-shelly-sequin-slide-sandals/507809088?di=05286675_zi_silver&categoryId=425&facetCache=pageSize%3D96%26beginIndex%3D0%26orderBy%3D6%26facet%3D-100277736772656976327710599104971011083275111114115
sandal shoes,https://www.dillards.com/p/michael-michael-kors-aubrey-charm-slingback-thong-sandals/507808616?di=05281113_zi_soft_pink&categoryId=425&facetCache=pageSize%3D96%26beginIndex%3D0%26orderBy%3D6%26facet%3D-100277736772656976327710599104971011083275111114115
sandal shoes,https://www.dillards.com/p/michael-michael-kors-veronica-caged-patent-leather-flat-sandals/507809375?di=05287599_zi_black&categoryId=425&facetCache=pageSize%3D96%26beginIndex%3D0%26orderBy%3D6%26facet%3D-100277736772656976327710599104971011083275111114115
sandal shoes,https://www.dillards.com/p/michael-michael-kors-veronica-metallic-caged-flat-sandals/507809510?di=05287697_zi_pale_gold&categoryId=425&facetCache=pageSize%3D96%26beginIndex%3D0%26orderBy%3D6%26facet%3D-100277736772656976327710599104971011083275111114115
sandal shoes,https://www.dillards.com/p/michael-michael-kors-shelly-flat--block-heel-sandals/507809075?di=05286650_zi_hemp&categoryId=425&facetCache=pageSize%3D96%26beginIndex%3D0%26orderBy%3D6%26facet%3D-100277736772656976327710599104971011083275111114115
clutches,https://www.dillards.com/p/michael-michael-kors-floral-applique-phone-cross-body-bag/508025109?di=05380408_zi_sunflower&categoryId=470&facetCache=pageSize%3D96%26beginIndex%3D0%26orderBy%3D1%26facet%3D-100277736772656976327710599104971011083275111114115
clutches,https://www.dillards.com/p/michael-michael-kors-floral-applique-large-cross-body-bag/507923157?di=05334536_zi_oat_multi&categoryId=470&facetCache=pageSize%3D96%26beginIndex%3D0%26orderBy%3D1%26facet%3D-100277736772656976327710599104971011083275111114115
handbags accessories,https://www.dillards.com/p/michael-michael-kors-meredith-medium-tote/508025393?di=05380686_zi_butternut&categoryId=470&facetCache=pageSize%3D96%26beginIndex%3D0%26orderBy%3D1%26facet%3D-100277736772656976327710599104971011083275111114115
handbags accessories,https://www.dillards.com/p/michael-michael-kors-mercer-medium-cross-body-bag/508025262?di=05380501_zi_deep_pink&categoryId=470&facetCache=pageSize%3D96%26beginIndex%3D0%26orderBy%3D1%26facet%3D-100277736772656976327710599104971011083275111114115
handbags accessories,https://www.dillards.com/p/kate-spade-new-york-washington-square-striped-sam-satchel/507866164?di=05313830_zi_peach_sorbet_stripe&categoryId=470&facetCache=pageSize%3D96%26beginIndex%3D0%26orderBy%3D6%26facet%3D-10021079711610132115112971001013211010111932
handbags accessories,https://www.dillards.com/p/kate-spade-new-york-washington-square-floral-sam-satchel/507866189?di=05313834_zi_rich_navy_multi&categoryId=470&facetCache=pageSize%3D96%26beginIndex%3D0%26orderBy%3D6%26facet%3D-1002107971161013211511297100101321101011193212111
handbags accessories,https://www.dillards.com/p/kate-spade-new-york-thompson-street-sam-embosed-satchel/507865954?di=05313642_zi_cement&categoryId=470&facetCache=pageSize%3D96%26beginIndex%3D0%26orderBy%3D6%26facet%3D-10021079711610132115112971001013211010111932121111114107
handbags accessories,https://www.dillards.com/p/kate-spade-new-york-cameron-street-botanical-maise-satchel/507782756?di=05289386_zi_black_multi&categoryId=470&facetCache=pageSize%3D96%26beginIndex%3D0%26orderBy%3D6%26facet%3D-100210797116101321151129710010132110101119321211111
sandal shoes,https://www.dillards.com/p/aldo-areide-crochet-mules/507928488?di=05268650_zi_light_pink&categoryId=425&facetCache=pageSize%3D96%26beginIndex%3D0%26orderBy%3D6%26facet%3D-100265108100111
sandal shoes,https://www.dillards.com/p/aldo-sessame-leather-knot-slides/507928623?di=05268974_zi_medium_brown&categoryId=425&facetCache=pageSize%3D96%26beginIndex%3D0%26orderBy%3D6%26facet%3D-100265108100111
sandal shoes,https://www.dillards.com/p/aldo-unterman-rhinestone-slides/507928467?di=05268636_zi_white&categoryId=425&facetCache=pageSize%3D96%26beginIndex%3D0%26orderBy%3D6%26facet%3D-100265108100111
sandal shoes,https://www.dillards.com/p/aldo-sessame-leather-knot-slides/507928623?di=05268974_zi_medium_brown&categoryId=425&facetCache=pageSize%3D96%26beginIndex%3D0%26orderBy%3D6%26facet%3D-100265108100111
sandal shoes,https://www.dillards.com/p/steve-madden-mania-strappy-studded-leather-block-heel-dress-sandals/508022467?di=05378925_zi_black_multi&categoryId=425&facetCache=pageSize%3D96%26beginIndex%3D0%26orderBy%3D6%26facet%3D-100283116101118101327797100100101110
sandal shoes,https://www.dillards.com/p/steve-madden-shift-gladiator-studded-sandals/507942678?di=05325966_zi_clear&categoryId=425&facetCache=pageSize%3D96%26beginIndex%3D0%26orderBy%3D6%26facet%3D-100283116101118101327797100100101110
sandal shoes,https://www.dillards.com/p/steve-madden-mania-suede-strappy-studded-dress-sandals/507895926?di=05311533_zi_grey_multi&categoryId=425&facetCache=pageSize%3D96%26beginIndex%3D0%26orderBy%3D6%26facet%3D-100283116101118101327797100100101110
sandal shoes,https://www.dillards.com/p/steve-madden-girls--j-twizzle-thong-sandals/507943914?di=05169130_zi_cognac_multi&categoryId=425&facetCache=pageSize%3D96%26beginIndex%3D0%26orderBy%3D6%26facet%3D-100283116101118101327797100100101110
sandal shoes,https://www.dillards.com/p/steve-madden-girls-jcherry-multi-color-pom-detail-sandals/507729316?di=05169173_zi_tan_multi&categoryId=425&facetCache=pageSize%3D96%26beginIndex%3D0%26orderBy%3D6%26facet%3D-100283116101118101327797100100101110
sandal shoes,https://www.dillards.com/p/michael-michael-kors-gallagher-sandals/507924361?di=05331569_zi_black&categoryId=892&facetCache=pageSize%3D96%26beginIndex%3D0%26orderBy%3D6%26facet%3D-100277736772656976327710599104971011083275111114115
sandal shoes,https://www.dillards.com/p/michael-michael-kors-caroline-jelly-thong-sandals/507923750?di=05301108_zi_black&categoryId=892&facetCache=pageSize%3D96%26beginIndex%3D0%26orderBy%3D6%26facet%3D-100277736772656976327710599104971011083275111114115
sandal shoes,https://www.dillards.com/p/michael-michael-kors-shelly-satin-flat-sandals/507809050?di=05286589_zi_ultra_pink&categoryId=892&facetCache=pageSize%3D96%26beginIndex%3D0%26orderBy%3D6%26facet%3D-100277736772656976327710599104971011083275111114115
sandal shoes,https://www.dillards.com/p/michael-michael-kors-lolita-pom-pom-thong-sandals/507688783?di=05217278_zi_orange&categoryId=892&facetCache=pageSize%3D96%26beginIndex%3D0%26orderBy%3D6%26facet%3D-100277736772656976327710599104971011083275111114115
sandal shoes,https://www.dillards.com/p/calvin-klein-ronna-dress-pumps/507432643?di=05154307_zi_limonata&categoryId=425&facetCache=pageSize%3D96%26beginIndex%3D0%26orderBy%3D1%26facet%3D-100267971081181051103275108101105110
sandal shoes,https://www.dillards.com/p/calvin-klein-luc-patent-dress-mules/507829748?di=05301677_zi_hibiscus_pink&categoryId=425&facetCache=pageSize%3D96%26beginIndex%3D0%26orderBy%3D1%26facet%3D-100267971081181051103275108101105110
sandal shoes,https://www.dillards.com/p/calvin-klein-gayle-leopard-calf-hair-pumps/507487567?di=05176550_zi_black_white&categoryId=425&facetCache=pageSize%3D96%26beginIndex%3D0%26orderBy%3D1%26facet%3D-100267971081181051103275108101105110
sandal shoes,https://www.dillards.com/p/calvin-klein-daros-patent-leather-dress-pumps/507863470?di=05312647_zi_black&categoryId=892&facetCache=pageSize%3D96%26beginIndex%3D0%26orderBy%3D1%26facet%3D-100267971081181051103275108101105110
sandal shoes,https://www.dillards.com/p/calvin-klein-ginette-chain-detail-dress-mules/507570730?di=05212800_zi_sandstorm&categoryId=892&facetCache=pageSize%3D96%26beginIndex%3D0%26orderBy%3D1%26facet%3D-100267971081181051103275108101105110
sandal shoes,https://www.dillards.com/p/naturalizer-gianna-two-piece-dress-pumps/507562668?di=05157488_zi_vintage_mauve&categoryId=892&facetCache=pageSize%3D96%26beginIndex%3D0%26orderBy%3D1%26facet%3D-1002789711611711497108105122101114
sandal shoes,https://www.dillards.com/p/naturalizer-peyton-pumps/507536142?di=05170176_zi_taupe&categoryId=892&facetCache=pageSize%3D96%26beginIndex%3D0%26orderBy%3D1%26facet%3D-1002789711611711497108105122101114
sandal shoes,https://www.dillards.com/p/naturalizer-betina-2-perforated-wedges/507552084?di=05093877_zi_mauve&categoryId=892&facetCache=pageSize%3D96%26beginIndex%3D0%26orderBy%3D1%26facet%3D-1002789711611711497108105122101114
sandal shoes,https://www.dillards.com/p/naturalizer-samantha-leather-flats/507518819?di=05169364_zi_blue&categoryId=892&facetCache=pageSize%3D96%26beginIndex%3D0%26orderBy%3D1%26facet%3D-1002789711611711497108105122101114
sandal shoes,https://www.dillards.com/p/naturalizer-samantha-flats/507473515?di=05169336_zi_papaya_print&categoryId=892&facetCache=pageSize%3D96%26beginIndex%3D0%26orderBy%3D1%26facet%3D-1002789711611711497108105122101114
sandal shoes,https://www.dillards.com/p/lauren-ralph-lauren-betha-ii-floral-embroidered-linen-dress-sandals/507878206?di=05319248_zi_flax&categoryId=425&facetCache=pageSize%3D96%26beginIndex%3D0%26orderBy%3D1%26facet%3D-1002769711711410111032829710811210432769711711410
sandal shoes,https://www.dillards.com/p/lauren-ralph-lauren-betha-leather-dress-sandals/507878181?di=05319244_zi_black&categoryId=425&facetCache=pageSize%3D96%26beginIndex%3D0%26orderBy%3D1%26facet%3D-10027697117114101110328297108112104327697117114101110
sandal shoes,https://www.dillards.com/p/lauren-ralph-lauren-hayleigh-metallic-espadrille-wedge-sandals/507687437?di=05254312_zi_platino&categoryId=425&facetCache=pageSize%3D96%26beginIndex%3D0%26orderBy%3D1%26facet%3D-100276971171141011103282971081121043276971171141011
sandal shoes,https://www.dillards.com/p/lauren-ralph-lauren-hayleigh-floral-embroidered-espadrille-wedge-sandals/507687463?di=05254337_zi_black&categoryId=425&facetCache=pageSize%3D96%26beginIndex%3D0%26orderBy%3D1%26facet%3D-1002769711711410111032829710811210432769711
watches accessories,https://www.dillards.com/p/michael-kors-womens-bradshaw-rose-gold-tone-and-bright-pink-silicone-watch/507952575?di=05346663_zi_pink&categoryId=666277&facetCache=pageSize%3D96%26beginIndex%3D0%26orderBy%3D6
watches accessories,https://www.dillards.com/p/michael-kors-womens-bradshaw-stainless-steel-and-blue-silicone-watch/507952513?di=05346593_zi_blue&categoryId=666277&facetCache=pageSize%3D96%26beginIndex%3D0%26orderBy%3D6
watches accessories,https://www.dillards.com/p/michael-kors-womens-bradshaw-stainless-steel-and-pale-blue-silicone-watch/507952547?di=05346648_zi_blue&categoryId=666277&facetCache=pageSize%3D96%26beginIndex%3D0%26orderBy%3D6
watches accessories,https://www.dillards.com/p/michael-kors-womens-portia-rose-gold-tone-and-blush-leather-floral-applique-watch/507952517?di=05346640_zi_pink&categoryId=666277&facetCache=pageSize%3D96%26beginIndex%3D0%26orderBy%3D6
watches accessories,https://www.dillards.com/p/michael-kors-mini-portia-gold-tone-motif-watch/508038156?di=05386007_zi_tan&categoryId=666277&facetCache=pageSize%3D96%26beginIndex%3D0%26orderBy%3D6
watches accessories,https://www.dillards.com/p/michael-kors-womens-bradshaw-stainless-steel-and-black-silicone-watch/507922271?di=05333896_zi_black&categoryId=666277&facetCache=pageSize%3D96%26beginIndex%3D0%26orderBy%3D6
Clothing tshirt ,https://www.dillards.com/p/lauren-ralph-lauren-eyelet-cotton-blend-t-shirt/507922861?di=05334249_zi_soft_white&categoryId=603982&facetCache=pageSize%3D96%26beginIndex%3D0%26orderBy%3D1%26facet%3D-10027697117114101110328297108112104327697117114101110
Clothing tshirt ,https://www.dillards.com/p/lauren-ralph-lauren-denim-off-the-shoulder-tie-sleeve-top/507800822?di=05293529_zi_expedition_blue_wash&categoryId=603982&facetCache=pageSize%3D96%26beginIndex%3D0%26orderBy%3D1%26facet%3D-1002769711711410111032829710811210432769
Clothing tshirt ,https://www.dillards.com/p/lauren-ralph-lauren-linen-off-the-shoulder-top/507939961?di=05340774_zi_white&categoryId=603982&facetCache=pageSize%3D96%26beginIndex%3D0%26orderBy%3D1%26facet%3D-10027697117114101110328297108112104327697117114101110
Clothing tshirt ,https://www.dillards.com/p/lauren-ralph-lauren-stripe-embroidered-bell-sleeve-shirt/507922990?di=05334339_zi_blue_white&categoryId=603982&facetCache=pageSize%3D96%26beginIndex%3D0%26orderBy%3D1%26facet%3D-100276971171141011103282971081121043276971171141011
watches accessories,https://www.dillards.com/p/karl-lagerfeld-paris-aurelie-stainless-steel-three-hand-watch/507991432?di=05367246_zi_silver&categoryId=666277&facetCache=pageSize%3D96%26beginIndex%3D0%26orderBy%3D1%26facet%3D-10027565827632766571698270697668328065827383
watches accessories,https://www.dillards.com/p/karl-lagerfeld-paris-aurelie-black-ip-three-hand-watch/507991471?di=05367295_zi_black&categoryId=666277&facetCache=pageSize%3D96%26beginIndex%3D0%26orderBy%3D1%26facet%3D-10027565827632766571698270697668328065827383
watches accessories,https://www.dillards.com/p/karl-lagerfeld-paris-janelle-light-brown-leather-and-rose-gold-tone-3-hand-watch/507991096?di=05367006_zi_tan&categoryId=666277&facetCache=pageSize%3D96%26beginIndex%3D0%26orderBy%3D1%26facet%3D-1002756582763276657169827069766832
watches accessories,https://www.dillards.com/p/karl-lagerfeld-linda-watch/508086968?di=05389338_zi_black&categoryId=666277&facetCache=pageSize%3D96%26beginIndex%3D0%26orderBy%3D1%26facet%3D-10027565827632766571698270697668328065827383
watches accessories,https://www.dillards.com/p/karl-lagerfeld-paris-linda-black-ip-two-hand-watch/507991502?di=05367334_zi_black&categoryId=666277&facetCache=pageSize%3D96%26beginIndex%3D0%26orderBy%3D1%26facet%3D-10027565827632766571698270697668328065827383
watches accessories,https://www.dillards.com/p/marc-jacobs-roxy-analog-bracelet-watch/507318003?di=05106474_zi_silver&categoryId=666277&facetCache=pageSize%3D96%26beginIndex%3D0%26orderBy%3D1%26facet%3D-10027797114993274979911198115
watches accessories,https://www.dillards.com/p/marc-jacobs-riley-analog-leather-strap-watch/506378855?di=04778024_zi_black&categoryId=666277&facetCache=pageSize%3D96%26beginIndex%3D0%26orderBy%3D1%26facet%3D-10027797114993274979911198115
watches accessories,https://www.dillards.com/p/marc-jacobs-riley-three-hand-brown-leather-watch/508136253?di=05429536_zi_tan&categoryId=666277&facetCache=pageSize%3D96%26beginIndex%3D0%26orderBy%3D1%26facet%3D-10027797114993274979911198115
watches accessories,https://www.dillards.com/p/marc-jacobs-riley-three-hand-watch/508135764?di=05429055_zi_silver&categoryId=666277&facetCache=pageSize%3D96%26beginIndex%3D0%26orderBy%3D1%26facet%3D-10027797114993274979911198115
watches accessories,https://www.dillards.com/p/marc-jacobs-riley-three-hand-watch/508135775?di=05429057_zi_rose_gold&categoryId=666277&facetCache=pageSize%3D96%26beginIndex%3D0%26orderBy%3D1%26facet%3D-10027797114993274979911198115
watches accessories,https://www.dillards.com/p/marc-jacobs-riley-3-hand-gold-tone-stainless-steel-bracelet-watch/506152910?di=04717410_zi_gold&categoryId=666277&facetCache=pageSize%3D96%26beginIndex%3D0%26orderBy%3D1%26facet%3D-10027797114993274979911198115
watches accessories,https://www.dillards.com/p/marc-jacobs-mandy-analog-bracelet-watch/507125115?di=05033772_zi_silver&categoryId=666277&facetCache=pageSize%3D96%26beginIndex%3D0%26orderBy%3D1%26facet%3D-10027797114993274979911198115
watches accessories,https://www.dillards.com/p/marc-jacobs-roxy-analog-stainless-steel-bracelet-watch/506820774?di=04924087_zi_silver&categoryId=666277&facetCache=pageSize%3D96%26beginIndex%3D0%26orderBy%3D1%26facet%3D-10027797114993274979911198115
handbags accessories,https://www.dillards.com/p/lauren-ralph-lauren-floral-applique-small-cross-body-bag/508085661?di=05407065_zi_vanilla_floral&categoryId=470&facetCache=pageSize%3D96%26beginIndex%3D0%26orderBy%3D1
handbags accessories,https://www.dillards.com/p/lauren-ralph-lauren-small-floral-appliqu-cross-body-bag/507712123?di=05267284_zi_black_multi&categoryId=470&facetCache=pageSize%3D96%26beginIndex%3D0%26orderBy%3D1
handbags accessories,https://www.dillards.com/p/lauren-ralph-lauren-millbrook-pebble-cross-body-bag/507713044?di=05267496_zi_geo_black_white&categoryId=470&facetCache=pageSize%3D96%26beginIndex%3D0%26orderBy%3D1
handbags accessories,https://www.dillards.com/p/lauren-ralph-lauren-millbrook-pebble-cross-body-bag/507712070?di=05267265_zi_black&categoryId=470&facetCache=pageSize%3D96%26beginIndex%3D0%26orderBy%3D1
sandal shoes,https://www.dillards.com/p/steve-madden-rando-rhinestone-pumps/507886245?di=05295895_zi_silver&categoryId=892&facetCache=pageSize%3D96%26beginIndex%3D0%26orderBy%3D1%26facet%3D-100283116101118101327797100100101110
sandal shoes,https://www.dillards.com/p/steve-madden-fame-leather-ankle-strap-dress-pumps/507785394?di=05279547_zi_rose_gold&categoryId=892&facetCache=pageSize%3D96%26beginIndex%3D0%26orderBy%3D1%26facet%3D-100283116101118101327797100100101110
sandal shoes,https://www.dillards.com/p/steve-madden-fame-patent-ankle-strap-dress-pumps/507785382?di=05279545_zi_blush_patent&categoryId=892&facetCache=pageSize%3D96%26beginIndex%3D0%26orderBy%3D1%26facet%3D-100283116101118101327797100100101110
sandal shoes,https://www.dillards.com/p/steve-madden-stecy-suede-ankle-strap-dress-sandals/507790351?di=05291088_zi_lavender&categoryId=892&facetCache=pageSize%3D96%26beginIndex%3D0%26orderBy%3D1%26facet%3D-100283116101118101327797100100101110
sandal shoes,https://www.dillards.com/p/steve-madden-carrson-patent-ankle-strap-block-heel-dress-sandals/507864065?di=05313492_zi_dusty_blue&categoryId=892&facetCache=pageSize%3D96%26beginIndex%3D0%26orderBy%3D1%26facet%3D-100283116101118101327797100100101110
clutches,https://www.dillards.com/p/kate-spade-new-york-hyde-lane-stripe-stacy-continental-wallet/507290885?di=05093399_zi_black_cream&categoryId=470&facetCache=pageSize%3D96%26beginIndex%3D0%26orderBy%3D6%26facet%3D-100210797116101321151129710010132110101119321211
clutches,https://www.dillards.com/p/kate-spade-new-york-hyde-lane-gingham-michele-zip-wallet/507866122?di=05313781_zi_navy_white&categoryId=470&facetCache=pageSize%3D96%26beginIndex%3D0%26orderBy%3D6%26facet%3D-100210797116101321151129710010132110101119321211111141
clutches,https://www.dillards.com/p/kate-spade-new-york-cameron-street-daisy-mikey-bifold-wallet/507866098?di=05313765_zi_multi&categoryId=470&facetCache=pageSize%3D96%26beginIndex%3D0%26orderBy%3D6%26facet%3D-1002107971161013211511297100101321101011193212111111410
Clothing tshirt ,https://www.dillards.com/p/michael-michael-kors-mod-floral-print-matte-jersey-twist-neck-halter-top/507880096?di=05319445_zi_black_white&categoryId=603982&facetCache=pageSize%3D96%26beginIndex%3D0%26orderBy%3D1%26facet%3D-1002777367726569763277105991049710
Clothing tshirt ,https://www.dillards.com/p/michael-michael-kors-yarn-dye-stripe-cold-shoulder-flounce-top/508009452?di=05371028_zi_light_quartz_white&categoryId=603982&facetCache=pageSize%3D96%26beginIndex%3D0%26orderBy%3D1%26facet%3D-1002777367726569763277105991049710110
Clothing tshirt ,https://www.dillards.com/p/michael-michael-kors-wildflower-pattern-lace-cold-shoulder-top/508024839?di=05379818_zi_true_navy&categoryId=603982&facetCache=pageSize%3D96%26beginIndex%3D0%26orderBy%3D1%26facet%3D-1002777367726569763277105991049710110832751111
Clothing tshirt ,https://www.dillards.com/p/michael-michael-kors-mini-stripe-stretch-woven-off-the-shoulder-top/507880717?di=05320043_zi_light_quartz_white&categoryId=603982&facetCache=pageSize%3D96%26beginIndex%3D0%26orderBy%3D1%26facet%3D-10027773677265697632771059910497
handbags accessories,https://www.dillards.com/p/donna-karan-round-hardware-cross-body-bag/507815144?di=05296769_zi_black&categoryId=470&facetCache=pageSize%3D96%26beginIndex%3D0%26orderBy%3D1%26facet%3D-1002681111101109732759711497110
handbags accessories,https://www.dillards.com/p/donna-karan-adan-bucket-bag/507820862?di=05299282_zi_gold&categoryId=470&facetCache=pageSize%3D96%26beginIndex%3D0%26orderBy%3D1%26facet%3D-1002681111101109732759711497110
handbags accessories,https://www.dillards.com/p/donna-karan-cathy-pinstripe-quilted-tote/507825520?di=05299287_zi_ivory&categoryId=470&facetCache=pageSize%3D96%26beginIndex%3D0%26orderBy%3D1%26facet%3D-1002681111101109732759711497110
handbags accessories,https://www.dillards.com/p/donna-karan-snake-round-hardware-cross-body-bag/507815137?di=05296765_zi_natural_snake&categoryId=470&facetCache=pageSize%3D96%26beginIndex%3D0%26orderBy%3D1%26facet%3D-1002681111101109732759711497110
handbags accessories,https://www.dillards.com/p/donna-karan-adan-colorblock-bucket-bag/507820894?di=05299292_zi_sand_multi&categoryId=470&facetCache=pageSize%3D96%26beginIndex%3D0%26orderBy%3D1%26facet%3D-1002681111101109732759711497110
running shoes,https://www.dillards.com/p/coach-c125-sharky-runner/507537813?di=05196599_zi_blue_grey&categoryId=425&facetCache=pageSize%3D96%26beginIndex%3D0%26orderBy%3D1%26facet%3D-10026779656772
sneaker shoes,https://www.dillards.com/p/coach-c121-route-41-patch-sneakers/507690203?di=05255236_zi_pink_black&categoryId=425&facetCache=pageSize%3D96%26beginIndex%3D0%26orderBy%3D1%26facet%3D-10026779656772
sneaker shoes,https://www.dillards.com/p/coach-c115-cherry-glitter-patch-sneakers/507690216?di=05255239_zi_silver&categoryId=425&facetCache=pageSize%3D96%26beginIndex%3D0%26orderBy%3D6%26facet%3D-10026779656772
sneaker shoes,https://www.dillards.com/p/coach-c216-sneakers-with-cut-out-tea-rose/507690040?di=05254407_zi_chalk&categoryId=425&facetCache=pageSize%3D96%26beginIndex%3D0%26orderBy%3D6%26facet%3D-10026779656772
sneaker shoes,https://www.dillards.com/p/coach-c101-cherry-patches-sneaker/507537826?di=05196601_zi_light_pink&categoryId=425&facetCache=pageSize%3D96%26beginIndex%3D0%26orderBy%3D6%26facet%3D-10026779656772
watches accessories,https://www.dillards.com/p/kate-spade-new-york-holland-celestial-mother-of-pearl-leather-strap-hybrid-smart-watch/507511478?di=05183501_zi_tan&categoryId=904&facetCache=pageSize%3D96%26beginIndex%3D0%26orderBy%3D6%26facet%3D-1002107971161013211511297100101
watches accessories,https://www.dillards.com/p/kate-spade-new-york-holland-hybrid-smart-watch/507315810?di=05105122_zi_silver&categoryId=904&facetCache=pageSize%3D96%26beginIndex%3D0%26orderBy%3D6%26facet%3D-10021079711610132115112971001013211010111932121111114107
handbags accessories,https://www.dillards.com/p/coach-turnlock-chain-tote-in-polished-pebble-leather/506659138?di=04777169_zi_light_gold_chalk&categoryId=470&facetCache=pageSize%3D96%26beginIndex%3D0%26orderBy%3D6%26facet%3D-10026779656772
handbags accessories,https://www.dillards.com/p/coach-signature-dufflette/507518144?di=05191006_zi_light_gold_light_khaki_chalk&categoryId=470&facetCache=pageSize%3D96%26beginIndex%3D0%26orderBy%3D6%26facet%3D-10026779656772
handbags accessories,https://www.dillards.com/p/coach-bailey-carryall-tote/507518132?di=05190984_zi_dark_gunmetal_washed_red&categoryId=470&facetCache=pageSize%3D96%26beginIndex%3D0%26orderBy%3D6%26facet%3D-10026779656772
handbags accessories,https://www.dillards.com/p/coach-charlie-leather-carryall/507669565?di=05245723_zi_dark_gunmetal_washed_red&categoryId=470&facetCache=pageSize%3D96%26beginIndex%3D0%26orderBy%3D6%26facet%3D-10026779656772
handbags accessories,https://www.dillards.com/p/michael-michael-kors-blakely-medium-bucket-bag/507922203?di=05333823_zi_true_green&categoryId=470&facetCache=pageSize%3D96%26beginIndex%3D0%26orderBy%3D1
handbags accessories,https://www.dillards.com/p/michael-michael-kors-sloan-top-handle-satchel/508025443?di=05380700_zi_true_green_brown_acorn&categoryId=470&facetCache=pageSize%3D96%26beginIndex%3D0%26orderBy%3D1
handbags accessories,https://www.dillards.com/p/michael-michael-kors-benning-colorblock-large-satchel/508025432?di=05380694_zi_true_green_brown_acorn&categoryId=470&facetCache=pageSize%3D96%26beginIndex%3D0%26orderBy%3D1
handbags accessories,https://www.dillards.com/p/michael-michael-kors-medium-canteen-bag/508024987?di=05380174_zi_true_green&categoryId=470&facetCache=pageSize%3D96%26beginIndex%3D0%26orderBy%3D1
handbags accessories,https://www.dillards.com/p/michael-michael-kors-jet-set-travel-large-eastwest-chain-strap-cross-body-bag/504452506?di=04225741_zi_true_green&categoryId=470&facetCache=pageSize%3D96%26beginIndex%3D0%26orderBy%3D1
handbags accessories,https://www.dillards.com/p/michael-michael-kors-sloan-cross-body-bag/507092553?di=05018595_zi_true_green&categoryId=470&facetCache=pageSize%3D96%26beginIndex%3D0%26orderBy%3D1
sneaker shoes,https://www.dillards.com/p/aldo-thenari-floral-applique-slip-on-sneakers/507807531?di=05256537_zi_light_pink&categoryId=892&facetCache=pageSize%3D96%26beginIndex%3D0%26orderBy%3D1%26facet%3D-100265108100111
sneaker shoes,https://www.dillards.com/p/aldo-etilivia-glitter-sneakers/507709735?di=05256148_zi_black_glitter&categoryId=892&facetCache=pageSize%3D96%26beginIndex%3D0%26orderBy%3D1%26facet%3D-100265108100111
sneaker shoes,https://www.dillards.com/p/aldo-merane-synthetic-lace-up-flat-heel-sneakers/506792995?di=04915628_zi_light_yellow&categoryId=892&facetCache=pageSize%3D96%26beginIndex%3D0%26orderBy%3D1%26facet%3D-100265108100111
sneaker shoes,https://www.dillards.com/p/aldo-mx.1-sneakers/507167714?di=05029470_zi_pink&categoryId=892&facetCache=pageSize%3D96%26beginIndex%3D0%26orderBy%3D1%26facet%3D-100265108100111
sneaker shoes,https://www.dillards.com/p/aldo-etilivia-colorblock-sneakers/507705206?di=05256151_zi_light_yellow&categoryId=892&facetCache=pageSize%3D96%26beginIndex%3D0%26orderBy%3D1%26facet%3D-100265108100111
sneaker shoes,https://www.dillards.com/p/aldo-bizcassa-rhinestone-jeweled-sneakers/507998078?di=05269029_zi_white&categoryId=892&facetCache=pageSize%3D96%26beginIndex%3D0%26orderBy%3D1%26facet%3D-100265108100111
sneaker shoes,https://www.dillards.com/p/calvin-klein-rivita-casual-sandals/507963135?di=05353910_zi_black&categoryId=892&facetCache=pageSize%3D96%26beginIndex%3D0%26orderBy%3D1%26facet%3D-100267971081181051103275108101105110
sandal shoes,https://www.dillards.com/p/calvin-klein-berry-sandals/507829844?di=05301687_zi_crimson_red&categoryId=892&facetCache=pageSize%3D96%26beginIndex%3D0%26orderBy%3D1%26facet%3D-100267971081181051103275108101105110
sandal shoes,https://www.dillards.com/p/calvin-klein-janny-ck-jelly-sandals/507770270?di=05285677_zi_deep_navy&categoryId=892&facetCache=pageSize%3D96%26beginIndex%3D0%26orderBy%3D1%26facet%3D-100267971081181051103275108101105110
sandal shoes,https://www.dillards.com/p/calvin-klein-shilo-lucite-sandals/507736517?di=05276140_zi_black&categoryId=892&facetCache=pageSize%3D96%26beginIndex%3D0%26orderBy%3D1%26facet%3D-100267971081181051103275108101105110
sandal shoes,https://www.dillards.com/p/sam-edelman-gigi-t-strap-sandals/508036888?di=05334259_zi_bright_yellow&categoryId=456289&facetCache=pageSize%3D96%26beginIndex%3D0%26orderBy%3D6
sandal shoes,https://www.dillards.com/p/sam-edelman-gigi-colorblock-t-strap-sandals/508036878?di=05334250_zi_tangelo_natural&categoryId=456289&facetCache=pageSize%3D96%26beginIndex%3D0%26orderBy%3D6
sandal shoes,https://www.dillards.com/p/sam-edelman-gigi-striped-calf-hair-sandals/508036926?di=05336548_zi_zebra_ivory_yellow&categoryId=456289&facetCache=pageSize%3D96%26beginIndex%3D0%26orderBy%3D6
sandal shoes,https://www.dillards.com/p/sam-edelman-carter-patent-leather-sandals/507850829?di=05295570_zi_rose_gold&categoryId=456289&facetCache=pageSize%3D96%26beginIndex%3D0%26orderBy%3D6%26facet%3D-10028397109326910010110810997110
sandal shoes,https://www.dillards.com/p/sam-edelman-carter-sandals/507850887?di=05295577_zi_black&categoryId=456289&facetCache=pageSize%3D96%26beginIndex%3D0%26orderBy%3D6%26facet%3D-10028397109326910010110810997110
sandal shoes,https://www.dillards.com/p/sam-edelman-carter-snake-print-sandals/507867625?di=05295589_zi_bright_multi&categoryId=456289&facetCache=pageSize%3D96%26beginIndex%3D0%26orderBy%3D6%26facet%3D-10028397109326910010110810997110
sandal shoes,https://www.dillards.com/p/michael-michael-kors-mk-plate-sandals/505225939?di=04473373_zi_ultra_pink&categoryId=456289&facetCache=pageSize%3D96%26beginIndex%3D0%26orderBy%3D6%26facet%3D-100277736772656976327710599104971011083275111114115
eyes,https://www.dillards.com/p/michael-kors-savannah-sunglasses/507949218?di=05345411_zi_violet_pink&categoryId=24436&facetCache=pageSize%3D96%26beginIndex%3D0%26orderBy%3D1
eyes,https://www.dillards.com/p/michael-kors-sanibel-sunglasses/507950689?di=05345425_zi_gold_mirror&categoryId=24436&facetCache=pageSize%3D96%26beginIndex%3D0%26orderBy%3D1
eyes,https://www.dillards.com/p/michael-kors-sanibel-sunglasses/508125270?di=05423438_zi_rose_gold&categoryId=24436&facetCache=pageSize%3D96%26beginIndex%3D0%26orderBy%3D1%26facet%3D-10027710599104971011083275111114115
eyes,https://www.dillards.com/p/michael-kors-destin-sunglasses/507950653?di=05345420_zi_black&categoryId=24436&facetCache=pageSize%3D96%26beginIndex%3D0%26orderBy%3D1%26facet%3D-10027710599104971011083275111114115
watches accessories,https://www.dillards.com/p/guess-shimmering-sport-multifunction-watch/507880312?di=05319896_zi_gold&categoryId=666277&facetCache=pageSize%3D96%26beginIndex%3D0%26orderBy%3D1%26facet%3D-100271117101115115
watches accessories,https://www.dillards.com/p/guess-shimmering-sport-multifunction-watch/507880314?di=05319897_zi_rose_gold&categoryId=666277&facetCache=pageSize%3D96%26beginIndex%3D0%26orderBy%3D1%26facet%3D-100271117101115115
watches accessories,https://www.dillards.com/p/guess-womens-sporty-style-multifunction-watch/507990599?di=05366838_zi_white&categoryId=666277&facetCache=pageSize%3D96%26beginIndex%3D0%26orderBy%3D1%26facet%3D-100271117101115115
watches accessories,https://www.dillards.com/p/guess-silver-dial-watch/507879649?di=05319877_zi_silver&categoryId=666277&facetCache=pageSize%3D96%26beginIndex%3D0%26orderBy%3D1%26facet%3D-100271117101115115
handbags accessories,https://www.dillards.com/p/michael-michael-kors-griffin-large-hobo-bag/508025333?di=05380548_zi_optic_white&categoryId=470&facetCache=pageSize%3D96%26beginIndex%3D0%26orderBy%3D1%26facet%3D-100277736772656976327710599104971011083275111114115
handbags accessories,https://www.dillards.com/p/michael-michael-kors-devon-large-tote/507922157?di=05333794_zi_optic_white&categoryId=470&facetCache=pageSize%3D96%26beginIndex%3D0%26orderBy%3D1%26facet%3D-100277736772656976327710599104971011083275111114115
handbags accessories,https://www.dillards.com/p/michael-michael-kors-griffin-signature-large-hobo-bag/508025524?di=05380944_zi_natural_light_cream&categoryId=470&facetCache=pageSize%3D96%26beginIndex%3D0%26orderBy%3D1%26facet%3D-100277736772656976327710599104971011083275111114
handbags accessories,https://www.dillards.com/p/michael-michael-kors-blakely-medium-bucket-bag/507922203?di=05333823_zi_admiral&categoryId=470&facetCache=pageSize%3D96%26beginIndex%3D0%26orderBy%3D1%26facet%3D-100277736772656976327710599104971011083275111114115
handbags accessories,https://www.dillards.com/p/michael-michael-kors-blakely-medium-bucket-bag/507922203?di=05333823_zi_admiral&categoryId=470&facetCache=pageSize%3D96%26beginIndex%3D0%26orderBy%3D1%26facet%3D-100277736772656976327710599104971011083275111114115
sandal shoes,https://www.dillards.com/p/michael-michael-kors-jessie-perforated-eyelet-slide-sandals/508005432?di=05354530_zi_acorn&categoryId=892&facetCache=pageSize%3D96%26beginIndex%3D0%26orderBy%3D1%26facet%3D-100277736772656976327710599104971011083275111114115
sandal shoes,https://www.dillards.com/p/michael-michael-kors-shelly-satin-flat-sandals/507809050?di=05286589_zi_ultra_pink&categoryId=892&facetCache=pageSize%3D96%26beginIndex%3D0%26orderBy%3D1%26facet%3D-100277736772656976327710599104971011083275111114115
sandal shoes,https://www.dillards.com/p/michael-michael-kors-shelly-sequin-slide-sandals/507809088?di=05286675_zi_soft_pink&categoryId=892&facetCache=pageSize%3D96%26beginIndex%3D0%26orderBy%3D1%26facet%3D-100277736772656976327710599104971011083275111114115
eyes,https://www.dillards.com/p/randolph-hawk-sunglasses/508216467?di=05468592_zi_chocolate_gold_sunrise&categoryId=630027&facetCache=pageSize%3D96%26beginIndex%3D0%26orderBy%3D1
eyes,https://www.dillards.com/p/randolph-concorde-sunglasses/508216580?di=05468668_zi_gold_green&categoryId=630027&facetCache=pageSize%3D96%26beginIndex%3D0%26orderBy%3D1
eyes,https://www.dillards.com/p/randolph-concorde-sunglasses/508216555?di=05468652_zi_rose_gold_rose_gold&categoryId=630027&facetCache=pageSize%3D96%26beginIndex%3D0%26orderBy%3D1
eyes,https://www.dillards.com/p/randolph-concorde-sunglasses/508216559?di=05468659_zi_gunmetal_grey&categoryId=630027&facetCache=pageSize%3D96%26beginIndex%3D0%26orderBy%3D1&di=05468659_zi_gunmetal_grey&facetCache=pageSize%3D96%26beginIndex%3D0%26orderBy%3D1
eyes,https://www.dillards.com/p/randolph-gradient-aviator-sunglasses/508171444?di=05442750_zi_chocolate_gold&categoryId=630027&facetCache=pageSize%3D96%26beginIndex%3D0%26orderBy%3D1
jewelry,https://www.dillards.com/p/givenchy-pearl-frontal-necklace/508013964?di=05374740_zi_gold&categoryId=435&facetCache=pageSize%3D96%26beginIndex%3D0%26orderBy%3D1%26facet%3D-10027110511810111099104121
jewelry,https://www.dillards.com/p/givenchy-sapphire-frontal-necklace/507917224?di=05332088_zi_silver&categoryId=435&facetCache=pageSize%3D96%26beginIndex%3D0%26orderBy%3D1%26facet%3D-10027110511810111099104121
earings,https://www.dillards.com/p/givenchy-pear-cluster-drop-earrings/508013978?di=05374763_zi_gold&categoryId=435&facetCache=pageSize%3D96%26beginIndex%3D0%26orderBy%3D1%26facet%3D-10027110511810111099104121
earings,https://www.dillards.com/p/givenchy-sapphire-drop-earrings/507917218?di=05332077_zi_silver&categoryId=435&facetCache=pageSize%3D96%26beginIndex%3D0%26orderBy%3D1%26facet%3D-10027110511810111099104121
earings,https://www.dillards.com/p/givenchy-pear-double-drop-earrings/508014031?di=05374799_zi_gold&categoryId=435&facetCache=pageSize%3D96%26beginIndex%3D0%26orderBy%3D1%26facet%3D-10027110511810111099104121
sandal shoes,https://www.dillards.com/p/steven-by-steve-madden-valent-cutout-leather-mules/507886757?di=05302124_zi_blush&categoryId=892&facetCache=pageSize%3D96%26beginIndex%3D0%26orderBy%3D6%26facet%3D-100283116101118101327797100100101110
sandal shoes,https://www.dillards.com/p/steven-by-steve-madden-aries-dress-slip-on-mules/507886566?di=05301831_zi_silver_metal&categoryId=892&facetCache=pageSize%3D96%26beginIndex%3D0%26orderBy%3D6%26facet%3D-100283116101118101327797100100101110
sandal shoes,https://www.dillards.com/p/steven-by-steve-madden-vander-studded-block-heel-mules/507886576?di=05301933_zi_white&categoryId=892&facetCache=pageSize%3D96%26beginIndex%3D0%26orderBy%3D6%26facet%3D-100283116101118101327797100100101110
sandal shoes,https://www.dillards.com/p/steven-by-steve-madden-aries-suede-dress-slip-on-mules/507886538?di=05301827_zi_black&categoryId=892&facetCache=pageSize%3D96%26beginIndex%3D0%26orderBy%3D6%26facet%3D-100283116101118101327797100100101110
sneaker shoes,https://www.dillards.com/p/steve-madden-cliff-multi-wedge-sneakers/508124169?di=05384220_zi_olive_multi&categoryId=663444&facetCache=pageSize%3D96%26beginIndex%3D0%26orderBy%3D1
sneaker shoes,https://www.dillards.com/p/steve-madden-antics-sneakers/507384339?di=05125207_zi_rose_gold&categoryId=663444&facetCache=pageSize%3D96%26beginIndex%3D0%26orderBy%3D1
sandal shoes,https://www.dillards.com/p/kate-spade-new-york-izele-flamigo--palm-tree-metallic-leather-slides/508040120?di=05324599_zi_gold&categoryId=892&facetCache=pageSize%3D96%26beginIndex%3D0%26orderBy%3D1%26emphasize%3D05422224%26facet%3D-1002107971161013211511297
sandal shoes,https://www.dillards.com/p/kate-spade-new-york-isla-cadillac-car-slides/507568879?di=05212432_zi_white&categoryId=892&facetCache=pageSize%3D96%26beginIndex%3D0%26orderBy%3D1%26emphasize%3D05422224%26facet%3D-100210797116101321151129710010132110101119321211
sandal shoes,https://www.dillards.com/p/kate-spade-new-york-nassau-stripe-flip-flops/507938534?di=05324544_zi_pink_white&categoryId=892&facetCache=pageSize%3D96%26beginIndex%3D0%26orderBy%3D1%26emphasize%3D05422224%26facet%3D-1002107971161013211511297100101321101011193
sandal shoes,https://www.dillards.com/p/kate-spade-new-york-nassau-flamingo-flip-flops/508128927?di=05425588_zi_gold&categoryId=892&facetCache=pageSize%3D96%26beginIndex%3D0%26orderBy%3D1%26emphasize%3D05422224%26facet%3D-10021079711610132115112971001013211010111932121
sandal shoes,https://www.dillards.com/p/kate-spade-new-york-nassau-leopard-flip-flops/507148775?di=05017027_zi_black&categoryId=892&facetCache=pageSize%3D96%26beginIndex%3D0%26orderBy%3D1%26emphasize%3D05422224%26facet%3D-10021079711610132115112971001013211010111932121
sandal shoes,https://www.dillards.com/p/kate-spade-new-york-nayla-just-married-metallic-flip-flop-sandals/508172946?di=05442688_zi_gold&categoryId=892&facetCache=pageSize%3D96%26beginIndex%3D0%26orderBy%3D1%26emphasize%3D05422224%26facet%3D-1002107971161013211511297100
sandal shoes,https://www.dillards.com/p/michael-michael-kors-erika-satin-ankle-strap-rhinestone-studded-heel-dress-sandals/507996150?di=05338934_zi_bisque&categoryId=607622&facetCache=pageSize%3D96%26beginIndex%3D0%26orderBy%3D1%26facet%3D-10027773677265697632771059910
sandal shoes,https://www.dillards.com/p/michael-michael-kors-erika-satin-glitter-block-heel-dress-sandals/507996125?di=05338916_zi_aluminum_silver&categoryId=607622&facetCache=pageSize%3D96%26beginIndex%3D0%26orderBy%3D1%26facet%3D-1002777367726569763277105991049710110
sandal shoes,https://www.dillards.com/p/michael-michael-kors-berkley-sandals/507114647?di=05003697_zi_oyster&categoryId=607622&facetCache=pageSize%3D96%26beginIndex%3D0%26orderBy%3D1%26facet%3D-100277736772656976327710599104971011083275111114115
sandal shoes,https://www.dillards.com/p/michael-michael-kors-alana-caged-block-heel-sandals/508070111?di=05379099_zi_acorn&categoryId=607622&facetCache=pageSize%3D96%26beginIndex%3D0%26orderBy%3D1%26facet%3D-100277736772656976327710599104971011083275111114115
sandal shoes,https://www.dillards.com/p/michael-michael-kors-sandra-suede-caged-platform-dress-sandals/508069976?di=05370530_zi_terra&categoryId=607622&facetCache=pageSize%3D96%26beginIndex%3D0%26orderBy%3D1%26facet%3D-10027773677265697632771059910497101108327511111411
sandal shoes,https://www.dillards.com/p/michael-michael-kors-berkley-sandals/505959218?di=04678131_zi_ecru&categoryId=607622&facetCache=pageSize%3D96%26beginIndex%3D0%26orderBy%3D1%26facet%3D-100277736772656976327710599104971011083275111114115
earings,https://www.dillards.com/p/cezanne-fireball--pearl-drop-earrings/506222239?di=04536847_zi_silver_pearl&categoryId=614997&facetCache=pageSize%3D96%26beginIndex%3D0%26orderBy%3D3
earings,https://www.dillards.com/p/cezanne-pearl-drop-rhinestone-half-hoop-earrings/504983995?di=04267885_zi_silver_pearl&categoryId=614997&facetCache=pageSize%3D96%26beginIndex%3D0%26orderBy%3D3
earings,https://www.dillards.com/p/cezanne-framed-daisy-pearl-and-rhinestone-teardrop-earrings/506279953?di=04754577_zi_silver_pearl_crystal&categoryId=614997&facetCache=pageSize%3D96%26beginIndex%3D0%26orderBy%3D3
earings,https://www.dillards.com/p/cezanne-floral-faux-pearl-crystal-linear-earrings/507027310?di=04996202_zi_silver_pearl_crystal&categoryId=614997&facetCache=pageSize%3D96%26beginIndex%3D0%26orderBy%3D3%26facet%3D-10026710112297110110101
earings,https://www.dillards.com/p/cezanne-rhinestone--faux-pearl-cluster-earrings/507651282?di=05225437_zi_silver_pearl_crystal&categoryId=614997&facetCache=pageSize%3D96%26beginIndex%3D0%26orderBy%3D3%26facet%3D-10026710112297110110101
earings,https://www.dillards.com/p/cezanne-long-pearl-fringe-earrings/508130609?di=05426363_zi_silver_pearl_crystal&categoryId=614997&facetCache=pageSize%3D96%26beginIndex%3D0%26orderBy%3D3
earings,https://www.dillards.com/p/cezanne-long-pearl-illusion-earrings/508132210?di=05426707_zi_silver_pearl_crystal&categoryId=614997&facetCache=pageSize%3D96%26beginIndex%3D0%26orderBy%3D3
earings,https://www.dillards.com/p/cezanne-linear-pearl-loop-earrings/508132258?di=05426955_zi_silver_pearl_crystal&categoryId=614997&facetCache=pageSize%3D96%26beginIndex%3D0%26orderBy%3D3
clothing jeans,https://www.dillards.com/p/alex-evenings-wide-leg-chiffon-pants/505189369?di=03691081_zi_dove&categoryId=590657&facetCache=pageSize%3D96%26beginIndex%3D0%26orderBy%3D3%26facet%3D-1002651081011203269118101110105110103115
clothing jeans,https://www.dillards.com/p/alex-evenings-chiffon-wide-leg-pants/504515812?di=03741981_zi_ivory&categoryId=590657&facetCache=pageSize%3D96%26beginIndex%3D0%26orderBy%3D3%26facet%3D-1002651081011203269118101110105110103115
clothing jeans,https://www.dillards.com/p/alex-evenings-georgette-straight-leg-slim-pants/504964838?di=04291632_zi_black&categoryId=590657&facetCache=pageSize%3D96%26beginIndex%3D0%26orderBy%3D3%26facet%3D-1002651081011203269118101110105110103115
clothing jeans,https://www.dillards.com/p/alex-evenings-waist-tie-detail-pant/507506784?di=05182292_zi_black&categoryId=590657&facetCache=pageSize%3D96%26beginIndex%3D0%26orderBy%3D3%26facet%3D-1002651081011203269118101110105110103115
clothing jeans,https://www.dillards.com/p/alex-evenings-tulip-hem-pant/507582336?di=05214740_zi_black&categoryId=590657&facetCache=pageSize%3D96%26beginIndex%3D0%26orderBy%3D3%26facet%3D-1002651081011203269118101110105110103115
clothing jeans,https://www.dillards.com/p/alex-evenings-matte-jersey-straight-leg-long-pant/508092198?di=05405988_zi_black&categoryId=590657&facetCache=pageSize%3D96%26beginIndex%3D0%26orderBy%3D3%26facet%3D-1002651081011203269118101110105110103115
sandal shoes,https://www.dillards.com/p/jessica-simpson-plemy-dress-sandals/507209449?di=05062838_zi_blue&categoryId=590461&facetCache=pageSize%3D96%26beginIndex%3D0%26orderBy%3D3%26emphasize%3D05475000%7C05474932%7C05382794%26facet%3D-10027410111511510599973283105109112115111110
sandal shoes,https://www.dillards.com/p/jessica-simpson-rusley-suede-pearl-bead-cluster-dress-sandals/507408404?di=05092237_zi_warm_stone&categoryId=590461&facetCache=pageSize%3D96%26beginIndex%3D0%26orderBy%3D3%26emphasize%3D05475000%7C05474932%7C05382794%26facet%3D-10027410111511510599973283105109112115111110
sandal shoes,https://www.dillards.com/p/jessica-simpson-reesa-rose-embroidery-dress-sandals/507432123?di=05152474_zi_vintage_blue&categoryId=590461&facetCache=pageSize%3D96%26beginIndex%3D0%26orderBy%3D3%26emphasize%3D05475000%7C05474932%7C05382794%26facet%3D-10027410111511510599973283105109112115111110
sandal shoes,https://www.dillards.com/p/jessica-simpson-martella-floral-platform-dorsay-peep-toe-pumps/507485941?di=05175924_zi_nude_blush_floral_print&categoryId=590461&facetCache=pageSize%3D96%26beginIndex%3D0%26orderBy%3D3%26emphasize%3D05475000%7C05474932%7C05382794%26facet%3D-10027410111511510599973283105109112115111110
sandal shoes,https://www.dillards.com/p/jessica-simpson-jeena-organza-flower-ankle-strap-dress-sandals/507582058?di=05212867_zi_black&categoryId=590461&facetCache=pageSize%3D96%26beginIndex%3D0%26orderBy%3D3%26emphasize%3D05475000%7C05474932%7C05382794%26facet%3D-10027410111511510599973283105109112115111110
sandal shoes,https://www.dillards.com/p/jessica-simpson-paveny-stiletto-pumps/507760395?di=05280702_zi_black&categoryId=590461&facetCache=pageSize%3D96%26beginIndex%3D0%26orderBy%3D3%26emphasize%3D05475000%7C05474932%7C05382794%26facet%3D-10027410111511510599973283105109112115111110
sandal shoes,https://www.dillards.com/p/jessica-simpson-joselle-strappy-sandals/507998808?di=05358238_zi_bright_white&categoryId=590461&facetCache=pageSize%3D96%26beginIndex%3D0%26orderBy%3D3%26emphasize%3D05475000%7C05474932%7C05382794%26facet%3D-10027410111511510599973283105109112115111110&di=05358238_zi_sand_dune&facetCache=pageSize%3D96%26beginIndex%3D0%26orderBy%3D3%26emphasize%3D05475000%7C05474932%7C05382794%26facet%3D-10027410111511510599973283105109112115111110
